Unnamed: 0,Carnes HBE,Precio Carnes HBE,Carnes Chedraui,Precio Carnes Chedraui,Carnes Soriana,Precio Carnes Soriana,Carnes LaComer,Precio Carnes LaComer
,Molida Pulpa Negra De Res 500 Gr,112.0,Chuleta de Cerdo Ahumada kg,75.9,Hamburguesa Res Fina Sukarne 720 Gr Pz,72.0,Chuleta Ahumada Cerdo Selecto,109.5
,Molida London Broil De Res 500 Gr,123.0,Pierna de Cerdo Fresca con Hueso por kg,75.9,Diezmillo De Res S/Hueso Rdfs Kg,74.9,Molida Cerdo Selecto,111.0
,Molida Pulpa Fina De Res 300 Gr,62.0,Bistec Pulpa Blanca de Res kg,139.0,Costilla De Res P/Asar Rdfs Kg,9.0,Pulpa De Pierna Cerdo Selecto,115.7
,Molida Sirloin De Res 300 Gr,64.0,Medallón de Pechuga de Pollo The Farm Food kg,109.0,Flecha De Res P/Asar Rdfs Kg,9.0,Costilla Cerdo Selecto,118.5
,Pechuga De Pollo S/H 1 Kg,144.0,Camarón Cocido Pacotilla Premium 450g,199.0,Higado De Res Rebanado Sukarne 500 Gr,28.9,Lomo Cerdo Supremo,121.4
,Milanesa Natural De Pollo Paq.De.550Gr 550 Gr,89.5,Mariscada de Neptuno 500g,149.0,Filete De Res Rdfs Kg,19.0,Chuleta Cerdo Selecto,104.61
,Milanesa De Pulpa Negra 1 Kg,226.0,Filete de Pescado Tilapia 600g,129.0,Molida Res Pulpa Negra 95/5 Rancho Don Francisco,94.9,Filete Cerdo Selecto,145.4
,Filete De Mojarra De Granja Prev. Cong. 1 Kg,110.0,Filete de Pescado Basa Neptuno 600g,129.0,Menudo De Res Panza Rancho Santa Fe Kg,74.9,Milanesa De Pierna Cerdo Selecto,115.0
,Pierna Y Muslo De Pollo Iqf 1 Kg,27.0,Filete de Salmón Neptuno 140g,99.9,Molida De Pulpa Negra London Broil Rancho Don Francisco Selecta Kg,39.0,Milanesa De Lomo Cerdo Selecto,139.8
,Pechuga De Pollo Deshuesada 1 Kg,143.0,Filete de Pescado Marinado en Salsa de Cilantro 600g,147.0,Pulpa Negra Trozo Rancho Don Francisco Selecta,94.9,Codillo Cerdo Selecto,64.0
,Molida Clásica De Res 1 Kg,153.0,Filete Empanizado Neptuno 600g,129.0,Albondiga Practiryc 480 Gr,82.9,Espinazo Cerdo Selecto,131.9
,Muslo De Pollo Paq.Reg. 1 Kg,68.9,Surimi En Barritas Neptuno 500g,79.0,New York De Res Rdfs Kg,14.0,Lomo Ahumado Cerdo Selecto,122.86
,Fajita De Pollo 1 Kg,144.0,Rib Eye Res Sonora Rancho el 17 por kg,579.0,Milanesa De Res Pulpa Negra Rancho Don Francisco Selecta Kg,89.9,Bistec De Pierna Cerdo Selecto,123.8
,Alco Milanesa Corazon 170 Gr. 170 Gr,31.0,Sirloin Res Sonora Rancho el 17 por kg,309.0,T Bone De Res Rdfs Kg,19.0,Carrillera Baby Back Cerdo Selecto,134.0
,Pierna Con Muslo De Pollo Corte Americano Fres 1 Kg,27.0,T-Bone Res Sonora Rancho el 17 por kg,339.0,Molida 90/10 De Res Rancho Don Francisco Selecta Kg,29.9,Manitas Cerdo Selecto,62.2
,Pechuga De Pollo C/H S/Piel Empacada 1 Kg,145.0,Tira de Res Diezmillo Asado Sonora Rancho por kg,284.0,Brisket De Res S/Hueso Rdfs Kg,49.0,Cabeza De Lomo Sin Hueso Cerdo Selecto,107.0
,Pechuga Entera C/H De Pollo Bolsa 1 Kg,109.0,New York Res Sonora Rancho el 17por kg,524.0,Pulpa Trozo P. Bola De Res Rancho Don Francisco Selecta Kg,49.9,Cabeza De Lomo Cerdo Selecto,108.8
,Pierna De Cerdo C/H Rebanada 1 Kg,82.0,Bistec de Res Sonora Rancho el 17 por kg,229.0,Hueso De Res Tuetanero Rancho Santa Fe Kg,79.9,Hueso Pozolero Cerdo Selecto,40.4
,Muslo S/Rs/Piel Empacado 1 Kg,83.0,New York Choice Res por kg,499.0,Bisteck Estrella De Res Rdfs Kg,8.9,Lomo Mexicano Cerdo Selecto,122.54
,Molida De Res 95/5 400 Gr,73.0,Rib Eye Choice Res kg,679.0,Carne De Res P/Asar Rdfs Kg,54.9,New York Cerdo Supremo,152.0
,Filete De Mojarra Natural 1 Kg,153.0,Filete de Pescado Marinados en Salsa de Mezquite 600g,147.0,Sirloin De Res C/H Rdfs Kg,49.0,Milanesa De Pechuga Pollo Selecto,135.0
,Chuleta Ahumada Paq. Fam 1 Kg,93.0,Huevo San Juan Blanco 30 Piezas,67.0,Res Deshebrada Practiryc 280 Gr,98.9,Pechuga Con Hueso Sin Piel Pollo Selecto,103.96
,Pechuga C/H De Pollo 1 Kg,109.0,Molida de Res por kg,95.0,Carne Para Jugo De Pulpa Negra Rancho Don Francisco Selecta Kg,94.9,Muslo Sin Piel Pollo Selecto,69.0
,Aguja Norteña C/H De Res 1 Kg,215.0,Milanesa de Pollo kg,154.0,Carne Trocitos De Res Rancho Don Francisco Selecta Kg,49.0,Pechuga S/H Cong Pollo Selecto,116.3
,Milanesa De Pollo Premium 500 Gr,100.0,Pechuga de Pollo sin Hueso por kg,129.0,Milanesa De Cerdo Fresca 1 Kilo,86.9,Pechuga Con Hueso Americano Pollo Selecto,68.5
,Carne De Res Sin Hueso P/Cocido 1 Kg,174.0,Filete de Salmón Pacifico por kg,349.0,Chuleta Mixta De Lomo De Cerdo 1 Kg,79.9,Filete De Pechuga Pollo Selecto,125.0
,Costilla Norteña S/H De Res 1 Kg,195.0,Huevo Bachoco Blanco 30 Piezas,70.0,Tortita De Papa 1 Kilo,64.9,Canal Entera Pollo Selecto 1 Kg Pollo Selecto,42.5
,Filete Tilapia Granja Grande 1 Kg,153.0,Molida Selecta de Res kg,146.0,Lomo De Cerdo Ahumado 1 Kg,14.0,Pierna Sin Piel Pollo Selecto,69.6
,Heb Fajitas De Pechuga De Pollo Bolsa De 1 Kg,135.0,Filete de Tilapia por Kg,114.0,Cabeza Cerdo Kg,38.9,Muslo Pollo Selecto,62.0
,Milanesa Marinada D/Pollo Paq.De 550 Gr,89.5,Pechuga de Pollo Congelada sin Hueso por Kg,79.9,Costilla Cerdo Huesitos Congelada 1 Kilo,87.9,Pierna Con Muslo Americano Pollo Selecto,35.3
,Brisket De Res 1 Kg,205.0,Molida fina de Res 95/5 kg,172.0,Pierna Cerdo S/Hueso Fresca Kg,89.9,Pechuga Sin Hueso Pollo Selecto,126.4
,Deshebrada De Pulpa Negra 1 Kg,215.0,Milanesa Pulpa Negra de Res kg,189.0,Don Francisco Selecta Hueso De Cerdo Para Pozole 1 Kg,29.9,Molida De Pechuga Pollo Selecto,130.0
,Bistec S/H Para Asar De Res Supreme 1 Kg,164.0,Milanesa Bola de Res kg,184.0,Chuleta De Cerdo Fresca 1 Kg,94.9,Pechuga Anatomic Pollo Selecto,97.6
,Milanesa De Pollo Congelada Bolsa 750 Gr,123.0,Milanesa de Cerdo kg,96.0,Lomo Cerdo Natural Kg,9.0,Pierna Con Muslo Sin Piel Pollo Selecto,69.4
,Molida De Res 90/10 400 Gr,65.0,Huevos Blancos Chedraui 30 Piezas,62.5,Pulpa Trocitos/ Espaldilla De Cerdo 1 Kg,84.9,Pierna Con Muslo Pollo Selecto,62.0
,Filete De Mojarra Granja En Bolsa 900 Gr,107.0,Pechuga Corte Americano de Pollo kg,70.0,Costilla De Cerdo Cargada Fresca 1 Kg,19.0,Milanesa De Pechuga Congelada Pollo Selecto,121.0
,Molida De Cerdo 1 Kg,93.0,Huevo Blanco El Calvario 30 Piezas,67.0,Espinazo De Cerdo 1 Kg,39.9,Pierna Pollo Selecto,45.3
,Molida De Res 80 / 20 400 Gr,52.0,"Pollo, Entero kg",46.0,Manitas Cerdo Kg,59.9,Alas Pollo Selecto,44.9
,Milanesa De Pulpa Blanca 1 Kg,205.0,Pierna de Pollo con Muslo Corte Americano por kg,34.0,Pierna De Cerdo C/Hue Cong Sta Fe 1 Kg,59.9,Rabadilla Pollo Selecto,11.9
,Lomos De Salmon Prev. Cong. 1 Kg,380.0,Bistec Pulpa Negra Res por kg,179.0,Kacer Chicharron Prensado 1 Kg,52.0,Menudencias Pollo Selecto,22.8
,Cortadillo De Sirloin P/Guisar 1 Kg,195.0,Pulpa de Cerdo kg,88.0,Codillo/Chamorro Cerdo Kg,59.9,Molida Sirloin 95/5 Res Selecta,200.0
,Molida Pulpa De Res 1 Kg,195.0,Bistec de Res kg,159.0,Costilla Cerdo Especial Kg,59.9,Milanesa De Bola Res Selecta,187.0
,Carbon Mezquite De 3 Kg,66.0,Costilla de Cerdo kg,122.0,Chuleta Lomo Cerdo Ahumada Kg,84.9,Milanesa De Centro Res Selecta,196.0
,Carne De Res Deshebrada 300 Gr,108.0,Chambarete con Hueso de Res kg,124.0,Costilla Cerdo Baby Back Kg,59.0,Bistec Para Asar Res Selecta,169.3
,Milanesa De Pulpa Bola 1 Kg,215.0,Pechuga de Pollo con Hueso Light  por Kg,114.0,Cuero Cerdo Kg,46.9,Deshebrada Res Selecta,159.9
,Arrachera De Res Marinada 600 Gr,164.0,Huevo San Juan Blanco 18 Piezas,43.5,Pulpa Trozo /Espaldilla De Cerdo 1 Kg,84.9,Molida Selecta 80/20 Res Selecta,177.0
,Top Sirloin 1 Kg,205.0,Arrachera Sukarne de Res 600g,164.0,Chuleta Adobada Rebanada 1 Kg,59.9,Fajita De Centro Res Selecta,198.0
,Milanesa De Pechuga Aplanada Charola 1 Kg,165.0,Huevo Bachoco Blanco 18 Piezas,45.0,Milanesa Lomo Cerdo Empanizada,59.9,Chambarete Sin Hueso Res Selecta,155.0
,Pierna Bate S/Piel Empacado 1 Kg,83.0,Chuleta de Cerdo Natural kg,90.0,Pierna De  Pollo C/Muslo 1 Pz Kg,24.9,Bistec De Diezmillo Res Selecta,170.4
,Milanesa De Sirloin De Res 1 Kg,215.0,Molida Mixta Res con Cerdo por kg,134.0,Pollo Entero C/V Bachoco Kg,42.9,Chambarete Con Hueso Res Selecta,104.9
,Carne De Cerdo Tipo Trompo 500 Gr,62.0,Pechuga de Pollo con Hueso Anatómico Fresco por Kg,90.0,Muslo D/Pollo S/Rabad Pilgrim S  Char Kg,71.0,Bistec De Aguayon Res Selecta,198.0
,Sirloin C/H Para Asar 1 Kg,184.0,Huevos Blancos Tehuacan 30 Piezas,63.0,Pierna C/Muslo C/Rab Cong,24.9,Tampiqueña De Filete Res Selecta,459.0
,Pierna Bate Blanca 1 Kg,72.0,Pierna de Cerdo Congelada sin Hueso por kg,66.0,Pie Bat D/Pollo Pilgrim S Pride Char Kg,73.9,Carne Para Asar Res Selecta,175.0
,Milanesa De Pulpa Negra Junior 1 Kg,246.0,Codillo Chamorro de Cerdo por kg,62.0,Pollo Entero C/V Pilgrim S Pride Kg,42.9,Molida Mixta Res Mixto,125.0
,Aguja Norteña C/H De Res 1 Kg,195.0,Carne Molida de Pierna de Cerdo por kg,94.0,Pollo Entero S/V Congelado 1 Pz Kg,41.9,Medallon De Filete Res Selecta,459.0
,Fajita De Pechuga Natural 500 Gr,80.0,Lomo de Cerdo por kg,109.0,Pechuga De Pollo C/Hueso Bachoco Char Kg,97.5,Milanesa De Contra Res Selecta,176.6
,Costilla Norteña S/H De Res 1 Kg,184.0,Clara Huevo Liquida Pasteurizada,44.5,Milanesa De Pollo Bachoco Char,48.9,Bistec Ranchero Res Selecta,176.6
,Vampiros De Pulpa Negra En Trocitos 1 Kg,256.0,Filete Basa Blanco por kg,84.9,Pechuga De Pollo Sin Piel 1 Pz Kg,19.9,Pulpa Para Estofado Res Selecta,171.0
,Milanesa De Pulpa Negra Trocitos 1 Kg,236.0,Huevo Bachoco Blanco 12 Piezas,31.5,Pechuga C/Hueso S/Rabadilla Fresca Kg,99.9,Rib Eye Res Selecta,335.0
,Salchicha Ahumada Polaca 396 Gr,62.0,Huevos Blancos Tehuacan 18 Piezas,40.0,Milanesa De Pollo Natural Alco Char,86.5,Pulpa Fina Res Selecta,171.0
